,accuracy,precision,recall,f1_score
IsolationForest,0.6642857142857143,0.0,0.0,0.0
RandomForest,0.7380952380952381,0.5833333333333334,0.5384615384615384,0.56
NaiveBayes,0.7619047619047619,0.5714285714285714,0.9230769230769231,0.7058823529411765
LogisticRegression,0.6904761904761905,0.0,0.0,0.0
SVM,0.6904761904761905,0.0,0.0,0.0
